{"cameraMode":{"drawMode":0,"name":"Shaded","section":"Shading Mode"},"sceneLighting":true,"audioPlay":false,"sceneViewState":{"m_AlwaysRefresh":false,"showFog":true,"showSkybox":true,"showFlares":true,"showImageEffects":true,"showParticleSystems":true,"showVisualEffectGraphs":true,"m_FxEnabled":true},"in2DMode":false,"pivot":{"x":408.76300048828127,"y":12.02401351928711,"z":503.78533935546877},"rotation":{"x":-0.038521334528923038,"y":-0.7111060619354248,"z":0.03907477855682373,"w":-0.7009459137916565},"size":5.215200901031494,"orthographic":false}